group_id	group_size	unique_text_count	majority_text_count	majority_text_ratio
001_000000_000016	15	1	15	1.000000
001_000000_000020	15	1	15	1.000000
001_000000_000033	15	1	15	1.000000
001_000000_000037	15	1	15	1.000000
001_000001_000008	15	1	15	1.000000
001_000001_000014	15	1	15	1.000000
001_000001_000016	15	1	15	1.000000
001_000001_000018	15	1	15	1.000000
001_000002_000004	15	1	15	1.000000
