{
  "input_jsonl": "/home/work_nfs23/hkxie/hw_proj/CosyVoice/data_list/xiaoyuzhou/quality_analysis/top_500000_quality.jsonl",
  "total_lines": 500000,
  "valid_rows": 500000,
  "bad_json": 0,
  "missing_core_metrics": 0,
  "sample_for_scatter": 50000,
  "metric_stats": {
    "mos_score": {
      "count": 500000,
      "mean": 3.804864169825077,
      "std": 0.14989309951284518,
      "min": 3.5737597942352295,
      "p50": 3.785421133041382,
      "p90": 4.013235092163086,
      "p95": 4.082689309120179,
      "p99": 4.20953143119812,
      "max": 4.57073450088501
    },
    "snr_score": {
      "count": 500000,
      "mean": 49.965723382506724,
      "std": 3.1039136111026076,
      "min": 35.70366798897018,
      "p50": 50.004523699752895,
      "p90": 53.98421622437808,
      "p95": 55.04361785071177,
      "p99": 56.799354007242925,
      "max": 60.88265728080495
    },
    "spk_similar_minimum_score": {
      "count": 500000,
      "mean": 0.9929175755353603,
      "std": 0.03429699249658305,
      "min": 0.7014513,
      "p50": 1.0,
      "p90": 1.0,
      "p95": 1.0,
      "p99": 1.0,
      "max": 1.0
    },
    "quality_score": {
      "count": 500000,
      "mean": 0.8555815825589825,
      "std": 0.01286280021190144,
      "min": 0.8395477530907898,
      "p50": 0.8525373063161453,
      "p90": 0.8740130322679289,
      "p95": 0.8808779678284374,
      "p99": 0.8937015558568676,
      "max": 0.9409745573997499
    }
  },
  "grade_counts": {
    "A_plus": 2030,
    "A": 497970
  },
  "top_speakers": [
    [
      "SPEAKER_00",
      227629
    ],
    [
      "SPEAKER_01",
      147438
    ],
    [
      "SPEAKER_02",
      79006
    ],
    [
      "SPEAKER_03",
      29750
    ],
    [
      "SPEAKER_04",
      9941
    ],
    [
      "SPEAKER_05",
      3339
    ],
    [
      "SPEAKER_06",
      1535
    ],
    [
      "SPEAKER_07",
      729
    ],
    [
      "SPEAKER_08",
      311
    ],
    [
      "SPEAKER_09",
      113
    ],
    [
      "SPEAKER_11",
      61
    ],
    [
      "SPEAKER_10",
      52
    ],
    [
      "SPEAKER_12",
      17
    ],
    [
      "SPEAKER_14",
      16
    ],
    [
      "SPEAKER_13",
      16
    ],
    [
      "SPEAKER_21",
      13
    ],
    [
      "SPEAKER_15",
      12
    ],
    [
      "SPEAKER_16",
      6
    ],
    [
      "SPEAKER_17",
      4
    ],
    [
      "SPEAKER_23",
      3
    ],
    [
      "SPEAKER_18",
      3
    ],
    [
      "SPEAKER_19",
      2
    ],
    [
      "SPEAKER_27",
      1
    ],
    [
      "SPEAKER_30",
      1
    ],
    [
      "SPEAKER_20",
      1
    ],
    [
      "SPEAKER_25",
      1
    ]
  ],
  "correlation_matrix_order": [
    "mos_score",
    "snr_score",
    "spk_similar_minimum_score",
    "quality_score"
  ],
  "correlation_matrix": [
    [
      1.0,
      -0.4174686352287963,
      -0.4378750429188012,
      0.538408849042663
    ],
    [
      -0.41746863522879635,
      1.0,
      -0.07016588212108761,
      0.17755273795470725
    ],
    [
      -0.4378750429188012,
      -0.07016588212108761,
      1.0,
      0.1341579916617864
    ],
    [
      0.538408849042663,
      0.17755273795470725,
      0.1341579916617864,
      0.9999999999999999
    ]
  ]
}